{
    "event": "Scan",
    "BodyID": 12,
    "MassEM": 0.94893,
    "Radius": 5980662.5,
    "Parents": [{ "Star": 0 }],
    "StarPos": [-503.28125, 140.5625, -463.875],
    "odyssey": true,
    "BodyName": "Wredguia VI-A c14-0 5",
    "ScanType": "Basic",
    "horizons": true,
    "AxialTilt": -0.070452,
    "Periapsis": 226.59393,
    "WasMapped": false,
    "timestamp": "2025-09-09T13:48:33Z",
    "StarSystem": "Wredguia VI-A c14-0",
    "MeanAnomaly": 29.09559,
    "PlanetClass": "High metal content body",
    "Eccentricity": 0.000005,
    "AscendingNode": 77.084535,
    "OrbitalPeriod": 8180272.102356,
    "SemiMajorAxis": 57008612155.91431,
    "SystemAddress": 83047355002,
    "WasDiscovered": true,
    "RotationPeriod": 8161084.135711,
    "SurfaceGravity": 10.574135,
    "OrbitalInclination": 0.066241,
    "DistanceFromArrivalLS": 190.15942
}
